{
  "run_count": 3,
  "mean_latency_ms_by_run": [
    1027.1515636704862,
    984.9103991873562,
    985.8338832855225
  ],
  "mean_ttft_ms_by_run": [
    69.84149711206555,
    34.79250753298402,
    35.27092328295112
  ],
  "mean_tpot_ms_by_run": [
    16.624673946888993,
    16.611867204989288,
    16.618011325709116
  ],
  "mean_output_tokens_by_run": [
    57.625,
    57.25,
    57.25
  ],
  "mean_latency_ms_mean": 999.2986153811216,
  "mean_latency_ms_std": 19.698616737009807
}