{
  "run_count": 1,
  "mean_latency_ms_by_run": [
    640.3160637710243
  ],
  "mean_ttft_ms_by_run": [
    69.6678168606013
  ],
  "mean_tpot_ms_by_run": [
    9.871896795326998
  ],
  "mean_output_tokens_by_run": [
    57.75
  ],
  "mean_latency_ms_mean": 640.3160637710243,
  "mean_latency_ms_std": 0.0
}