{
  "run_count": 3,
  "mean_latency_ms_by_run": [
    430.4171619670732,
    225.20668432116508,
    157.48975000211172
  ],
  "mean_output_tokens_by_run": [
    64.0,
    64.0,
    64.0
  ],
  "mean_latency_ms_mean": 271.03786543011665,
  "mean_latency_ms_std": 116.039406875004
}