{
  "run_count": 3,
  "mean_latency_ms_by_run": [
    827.4740567430854,
    791.5096305077896,
    791.5613162331283
  ],
  "mean_ttft_ms_by_run": [
    66.6817146120593,
    31.027491088025272,
    30.675950809381902
  ],
  "mean_tpot_ms_by_run": [
    9.880794713954497,
    9.878135627050968,
    9.88471888576345
  ],
  "mean_output_tokens_by_run": [
    76.875,
    76.875,
    76.875
  ],
  "mean_latency_ms_mean": 803.5150011613345,
  "mean_latency_ms_std": 16.94162381297663
}