{
  "run_count": 3,
  "mean_latency_ms_by_run": [
    706.306369509548,
    702.1930442424491,
    701.551326783374
  ],
  "mean_ttft_ms_by_run": [
    22.797809215262532,
    19.520452478900552,
    19.141186494380236
  ],
  "mean_tpot_ms_by_run": [
    9.711043678433986,
    9.700821209557805,
    9.695970800385112
  ],
  "mean_output_tokens_by_run": [
    70.5,
    70.5,
    70.5
  ],
  "mean_latency_ms_mean": 703.3502468451237,
  "mean_latency_ms_std": 2.1066476100924976
}