{
  "run_count": 3,
  "mean_latency_ms_by_run": [
    869.3868268746883,
    868.1711460230872,
    868.4959914535284
  ],
  "mean_ttft_ms_by_run": [
    60.378532158210874,
    60.135100269690156,
    60.50513137597591
  ],
  "mean_tpot_ms_by_run": [
    9.674559195922585,
    9.66141964016058,
    9.66016573171944
  ],
  "mean_output_tokens_by_run": [
    83.75,
    83.75,
    83.75
  ],
  "mean_latency_ms_mean": 868.684654783768,
  "mean_latency_ms_std": 0.5139165771278328
}