{
  "run_count": 3,
  "mean_latency_ms_by_run": [
    1064.8227400379255,
    857.2319491067901,
    856.9665084360167
  ],
  "mean_ttft_ms_by_run": [
    237.37274226732552,
    31.12839302048087,
    31.062606489285827
  ],
  "mean_tpot_ms_by_run": [
    9.329820871522152,
    9.315847416622688,
    9.313110746073603
  ],
  "mean_output_tokens_by_run": [
    88.5625,
    88.5625,
    88.5625
  ],
  "mean_latency_ms_mean": 926.3403991935775,
  "mean_latency_ms_std": 97.9218622473554
}