{
  "run_count": 1,
  "mean_latency_ms_by_run": [
    432.36107286065817
  ],
  "mean_ttft_ms_by_run": [
    22.958208341151476
  ],
  "mean_tpot_ms_by_run": [
    9.149988179243254
  ],
  "mean_output_tokens_by_run": [
    44.75
  ],
  "mean_latency_ms_mean": 432.36107286065817,
  "mean_latency_ms_std": 0.0
}