{
  "run_count": 3,
  "mean_latency_ms_by_run": [
    1144.166250131093,
    925.0620546517894,
    923.9459366071969
  ],
  "mean_ttft_ms_by_run": [
    249.27767855115235,
    31.14816907327622,
    30.72160086594522
  ],
  "mean_tpot_ms_by_run": [
    9.870722572114751,
    9.86126656826174,
    9.852820149013874
  ],
  "mean_output_tokens_by_run": [
    90.625,
    90.625,
    90.625
  ],
  "mean_latency_ms_mean": 997.7247471300265,
  "mean_latency_ms_std": 103.55078232693658
}