{
  "run_count": 1,
  "mean_latency_ms_by_run": [
    593.2584397960454
  ],
  "mean_ttft_ms_by_run": [
    55.597671773284674
  ],
  "mean_tpot_ms_by_run": [
    9.296645197900943
  ],
  "mean_output_tokens_by_run": [
    57.75
  ],
  "mean_latency_ms_mean": 593.2584397960454,
  "mean_latency_ms_std": 0.0
}