{
  "run_count": 3,
  "mean_latency_ms_by_run": [
    936.4860157171885,
    912.3117712636789,
    917.5258328517278
  ],
  "mean_ttft_ms_by_run": [
    130.2411953608195,
    32.9905500014623,
    37.90362551808357
  ],
  "mean_tpot_ms_by_run": [
    15.632005633716531,
    15.628725505088134,
    15.633556823660102
  ],
  "mean_output_tokens_by_run": [
    51.666666666666664,
    56.333333333333336,
    56.333333333333336
  ],
  "mean_latency_ms_mean": 922.1078732775318,
  "mean_latency_ms_std": 10.387327040590872
}