{
  "run_count": 1,
  "mean_latency_ms_by_run": [
    118.95114029206749
  ],
  "mean_ttft_ms_by_run": [
    27.31322149337149
  ],
  "mean_tpot_ms_by_run": [
    1.431842481229625
  ],
  "mean_output_tokens_by_run": [
    64.0
  ],
  "mean_latency_ms_mean": 118.95114029206749,
  "mean_latency_ms_std": 0.0
}