{
  "run_count": 3,
  "mean_latency_ms_by_run": [
    764.5192072959617,
    747.77473625727,
    747.4405359243974
  ],
  "mean_ttft_ms_by_run": [
    34.74165592342615,
    18.757596146315336,
    18.669697921723127
  ],
  "mean_tpot_ms_by_run": [
    9.095537853154019,
    9.088993902903878,
    9.084754505244712
  ],
  "mean_output_tokens_by_run": [
    80.3125,
    80.3125,
    80.3125
  ],
  "mean_latency_ms_mean": 753.244826492543,
  "mean_latency_ms_std": 7.973358528708562
}