{
  "run_count": 3,
  "mean_latency_ms_by_run": [
    906.5230673877522,
    847.6066895527765,
    848.4183608088642
  ],
  "mean_ttft_ms_by_run": [
    82.07784127444029,
    31.312323873862624,
    31.17033140733838
  ],
  "mean_tpot_ms_by_run": [
    10.013616941127173,
    9.934282239980833,
    9.941281076691777
  ],
  "mean_output_tokens_by_run": [
    82.09375,
    82.09375,
    82.09375
  ],
  "mean_latency_ms_mean": 867.5160392497977,
  "mean_latency_ms_std": 27.584124488231446
}