{
  "run_count": 3,
  "mean_latency_ms_by_run": [
    1155.4234055802226,
    1152.6953477878124,
    1161.7563697509468
  ],
  "mean_ttft_ms_by_run": [
    341.69681544881314,
    341.90298593603075,
    342.73028397001326
  ],
  "mean_tpot_ms_by_run": [
    9.919109415254441,
    9.882118824668236,
    9.971380817700714
  ],
  "mean_output_tokens_by_run": [
    81.96875,
    81.96875,
    81.96875
  ],
  "mean_latency_ms_mean": 1156.6250410396606,
  "mean_latency_ms_std": 3.795477623623062
}