{
  "run_count": 3,
  "mean_latency_ms_by_run": [
    1127.5186343118548,
    912.5321416649967,
    913.7976374477148
  ],
  "mean_ttft_ms_by_run": [
    246.24428141396493,
    30.92017793096602,
    30.918767442926764
  ],
  "mean_tpot_ms_by_run": [
    9.883941893738369,
    9.887221941264798,
    9.903233883059151
  ],
  "mean_output_tokens_by_run": [
    89.125,
    89.125,
    89.125
  ],
  "mean_latency_ms_mean": 984.6161378081888,
  "mean_latency_ms_std": 101.04864505154347
}