{
  "run_count": 3,
  "mean_latency_ms_by_run": [
    1140.453224380811,
    1133.1802966694038,
    1132.963813841343
  ],
  "mean_ttft_ms_by_run": [
    41.585790614287056,
    35.56474422415098,
    34.821649392445885
  ],
  "mean_tpot_ms_by_run": [
    16.640296111637284,
    16.621201052441307,
    16.62962965755945
  ],
  "mean_output_tokens_by_run": [
    66.0,
    66.0,
    66.0
  ],
  "mean_latency_ms_mean": 1135.5324449638526,
  "mean_latency_ms_std": 3.480638711164232
}