{
  "run_count": 3,
  "mean_latency_ms_by_run": [
    980.9322035871446,
    944.7105126455426,
    944.8938346467912
  ],
  "mean_ttft_ms_by_run": [
    69.5059378631413,
    32.9753253608942,
    33.0977700650692
  ],
  "mean_tpot_ms_by_run": [
    15.525546207500156,
    15.530837082478683,
    15.531738711288199
  ],
  "mean_output_tokens_by_run": [
    58.75,
    58.75,
    58.75
  ],
  "mean_latency_ms_mean": 956.8455169598261,
  "mean_latency_ms_std": 17.032023881520303
}