{
  "run_count": 1,
  "mean_latency_ms_by_run": [
    703.9930014871061
  ],
  "mean_ttft_ms_by_run": [
    79.79166531004012
  ],
  "mean_tpot_ms_by_run": [
    9.291348581981454
  ],
  "mean_output_tokens_by_run": [
    67.0
  ],
  "mean_latency_ms_mean": 703.9930014871061,
  "mean_latency_ms_std": 0.0
}