{
  "run_count": 3,
  "mean_latency_ms_by_run": [
    1241.08183325734,
    1242.6823695423082,
    1240.6927656847984
  ],
  "mean_ttft_ms_by_run": [
    341.8333816807717,
    343.8094629673287,
    343.9736684085801
  ],
  "mean_tpot_ms_by_run": [
    9.968077822725583,
    9.963578102560536,
    9.945101274478889
  ],
  "mean_output_tokens_by_run": [
    90.1875,
    90.1875,
    90.1875
  ],
  "mean_latency_ms_mean": 1241.4856561614822,
  "mean_latency_ms_std": 0.8609822223820366
}