{
  "run_count": 3,
  "mean_latency_ms_by_run": [
    1082.1920543676242,
    873.9433690207079,
    873.7498880364001
  ],
  "mean_ttft_ms_by_run": [
    237.32667206786573,
    30.308034154586494,
    30.00313020311296
  ],
  "mean_tpot_ms_by_run": [
    9.312221045662032,
    9.299591679411389,
    9.300599604480425
  ],
  "mean_output_tokens_by_run": [
    90.625,
    90.625,
    90.625
  ],
  "mean_latency_ms_mean": 943.2951038082441,
  "mean_latency_ms_std": 98.21500738938013
}