{
  "run_count": 1,
  "mean_latency_ms_by_run": [
    505.47662540338933
  ],
  "mean_ttft_ms_by_run": [
    67.1813078224659
  ],
  "mean_tpot_ms_by_run": [
    9.736831223232333
  ],
  "mean_output_tokens_by_run": [
    45.0
  ],
  "mean_latency_ms_mean": 505.47662540338933,
  "mean_latency_ms_std": 0.0
}