{
  "run_count": 1,
  "mean_latency_ms_by_run": [
    1026.3942298479378
  ],
  "mean_ttft_ms_by_run": [
    235.46912870369852
  ],
  "mean_tpot_ms_by_run": [
    9.261353030856098
  ],
  "mean_output_tokens_by_run": [
    85.25
  ],
  "mean_latency_ms_mean": 1026.3942298479378,
  "mean_latency_ms_std": 0.0
}