{
  "run_count": 3,
  "mean_latency_ms_by_run": [
    662.8131422912702,
    658.8301161536947,
    658.6679697502404
  ],
  "mean_ttft_ms_by_run": [
    22.927516023628414,
    19.094349932856858,
    18.591716303490102
  ],
  "mean_tpot_ms_by_run": [
    9.106598647155227,
    9.103321498211395,
    9.10947463498539
  ],
  "mean_output_tokens_by_run": [
    70.375,
    70.375,
    70.375
  ],
  "mean_latency_ms_mean": 660.1037427317351,
  "mean_latency_ms_std": 1.916978063506027
}