{
  "run_count": 1,
  "mean_latency_ms_by_run": [
    482.0185345597565
  ],
  "mean_ttft_ms_by_run": [
    39.878178387880325
  ],
  "mean_tpot_ms_by_run": [
    9.765180752252821
  ],
  "mean_output_tokens_by_run": [
    45.25
  ],
  "mean_latency_ms_mean": 482.0185345597565,
  "mean_latency_ms_std": 0.0
}