{
  "run_count": 3,
  "mean_latency_ms_by_run": [
    775.8741445140913,
    748.669175314717,
    748.3421532670036
  ],
  "mean_ttft_ms_by_run": [
    57.52762302290648,
    30.859231832437217,
    30.359211727045476
  ],
  "mean_tpot_ms_by_run": [
    9.328823283497265,
    9.322892186261896,
    9.324150404074427
  ],
  "mean_output_tokens_by_run": [
    76.875,
    76.875,
    76.875
  ],
  "mean_latency_ms_mean": 757.6284910319373,
  "mean_latency_ms_std": 12.902316047853624
}