{
  "run_count": 3,
  "mean_latency_ms_by_run": [
    1230.3600903833285,
    1228.391213575378,
    1230.5831437697634
  ],
  "mean_ttft_ms_by_run": [
    343.5635615605861,
    345.9269464947283,
    346.7143914895132
  ],
  "mean_tpot_ms_by_run": [
    9.892319701561659,
    9.840621024084829,
    9.855737642656152
  ],
  "mean_output_tokens_by_run": [
    89.625,
    89.625,
    89.625
  ],
  "mean_latency_ms_mean": 1229.7781492428232,
  "mean_latency_ms_std": 0.9849301540460951
}