{
  "run_count": 3,
  "mean_latency_ms_by_run": [
    741.4815654046834,
    741.8031174456701,
    743.3814584510401
  ],
  "mean_ttft_ms_by_run": [
    61.051236698403955,
    61.07161391992122,
    61.08793499879539
  ],
  "mean_tpot_ms_by_run": [
    9.687973447630437,
    9.688174199876865,
    9.714566656999063
  ],
  "mean_output_tokens_by_run": [
    70.375,
    70.375,
    70.375
  ],
  "mean_latency_ms_mean": 742.2220471004645,
  "mean_latency_ms_std": 0.8302710154515048
}