{
  "run_count": 3,
  "mean_latency_ms_by_run": [
    1102.8035855852067,
    1101.4356025261804,
    1102.0930357044563
  ],
  "mean_ttft_ms_by_run": [
    341.06082294601947,
    342.82011445611715,
    343.3362029027194
  ],
  "mean_tpot_ms_by_run": [
    9.922170239773028,
    9.877735692632118,
    9.877719419170678
  ],
  "mean_output_tokens_by_run": [
    76.75,
    76.75,
    76.75
  ],
  "mean_latency_ms_mean": 1102.1107412719477,
  "mean_latency_ms_std": 0.5586170589267078
}