{
  "run_count": 3,
  "mean_latency_ms_by_run": [
    846.3474304880947,
    830.6807345943525,
    832.0675315335393
  ],
  "mean_ttft_ms_by_run": [
    34.70601618755609,
    19.287484232336283,
    19.57096322439611
  ],
  "mean_tpot_ms_by_run": [
    9.687773502832208,
    9.685999511897204,
    9.701135903499866
  ],
  "mean_output_tokens_by_run": [
    83.875,
    83.875,
    83.875
  ],
  "mean_latency_ms_mean": 836.3652322053289,
  "mean_latency_ms_std": 7.081149311374742
}