{
  "run_count": 3,
  "mean_latency_ms_by_run": [
    837.7498820191249,
    786.3272934919223,
    786.9813796132803
  ],
  "mean_ttft_ms_by_run": [
    81.17081131786108,
    30.011075898073614,
    30.544434674084187
  ],
  "mean_tpot_ms_by_run": [
    9.329706581228494,
    9.327018750219258,
    9.328325359927247
  ],
  "mean_output_tokens_by_run": [
    80.9375,
    80.9375,
    80.9375
  ],
  "mean_latency_ms_mean": 803.6861850414425,
  "mean_latency_ms_std": 24.088151250550073
}