{
  "run_count": 3,
  "mean_latency_ms_by_run": [
    223.5165382070201,
    172.17090991990906,
    172.0093462084021
  ],
  "mean_output_tokens_by_run": [
    64.0,
    64.0,
    64.0
  ],
  "mean_latency_ms_mean": 189.23226477844375,
  "mean_latency_ms_std": 24.24273195691523
}